name,div,num_date,clade_membership,haplotype,method,subclade,date,date_submitted,HA1_substitutions,accession_ha,HA1_haplotype_count
A/Finland/391/2023,0.0335881689639798,2023.513698630137,2a.1b,G.1.1.2,six_month,G.1.1.2,2023-07-07,2023-09-08,"HA1:D104G,HA1:I140K,HA1:K276R,HA1:R299K",EPI2736643,2708.0
A/Kanagawa/IC2239/2023,0.0341549760025808,2023.486301369863,2a.1b,G.1.1.2:326R,six_month,G.1.1.2,2023-06-27,2023-07-25,"HA1:D104G,HA1:I140K,HA1:K276R,HA1:R299K,HA1:K326R",EPI2647253,11.0
A/Singapore/NUH0526/2023,0.038133119624597,2023.4506849315069,2a.3a.1,G.1.3.1.1,six_month,H,2023-06-14,2023-07-10,"HA1:E50K,HA1:G53N,HA1:N96S,HA1:I140K,HA1:I192F,HA1:I223V",EPI2617594,1626.0
A/Sydney/332/2023,0.0398330809494383,2023.4506849315069,2a.3a.1,G.1.3.1.1:122D,six_month,H,2023-06-14,2023-07-24,"HA1:E50K,HA1:G53N,HA1:N96S,HA1:N122D,HA1:I140K,HA1:I192F,HA1:I223V",EPI2643073,274.0
A/Bangkok/P3755/2023,0.0409659799771136,2023.683561643836,2a.3a.1,"G.1.3.1.1:122D,144N,276E",six_month,H,2023-09-07,2023-09-28,"HA1:E50K,HA1:G53N,HA1:N96S,HA1:N122D,HA1:I140K,HA1:S144N,HA1:I192F,HA1:I223V,HA1:K276E",EPI2760070,10.0
A/Ontario/RV00796/2023,0.0403997645732822,2023.56301369863,2a.3a.1,"G.1.3.1.1:122D,276E",six_month,H,2023-07-25,2023-09-07,"HA1:E50K,HA1:G53N,HA1:N96S,HA1:N122D,HA1:I140K,HA1:I192F,HA1:I223V,HA1:K276E",EPI2735889,70.0
A/Krabi/THIS050/2023,0.0426704487744723,2023.645205479452,2a.3a.1,"G.1.3.1.1:124N,145N",six_month,H,2023-08-24,2023-09-28,"HA1:E50K,HA1:G53N,HA1:N96S,HA1:S124N,HA1:I140K,HA1:S145N,HA1:I192F,HA1:I223V",EPI2759946,20.0
A/Saskatchewan/SKFLU317847/2023,0.0398330807305351,2023.6178082191784,2a.3a.1,G.1.3.1.1:145N,six_month,H,2023-08-14,2023-09-11,"HA1:T28A,HA1:E50K,HA1:G53N,HA1:N96S,HA1:I140K,HA1:S145N,HA1:I192F,HA1:I223V",EPI2743304,1.0
A/StPetersburg/MH144113/2023,0.0421051421167341,2023.6260273972605,2a.3a.1,"G.1.3.1.1:173R,276E",six_month,H,2023-08-17,2023-10-24,"HA1:E50K,HA1:G53N,HA1:N96S,HA1:I140K,HA1:Q173R,HA1:I192F,HA1:I223V,HA1:K276E",EPI2777879,28.0
A/Maldives/852/2023,0.039265750154579,2023.4205479452053,2a.3a.1,G.1.3.1.1:21T,six_month,H,2023-06-03,2023-08-17,"HA1:P21T,HA1:E50K,HA1:G53N,HA1:N96S,HA1:I140K,HA1:I192F,HA1:I223V",EPI2689677,18.0
A/Georgia/40/2023,0.0392663560789106,2023.6424657534249,2a.3a.1,G.1.3.1.1:242M,six_month,H,2023-08-23,2023-09-25,"HA1:E50K,HA1:G53N,HA1:N96S,HA1:I140K,HA1:I192F,HA1:I223V,HA1:I242M",EPI2756864,10.0
A/Bhutan/845/2023,0.0404022417712505,2023.5465753424655,2a.3a.1,G.1.3.1.1:25V,six_month,H,2023-07-19,2023-10-31,"HA1:I25V,HA1:E50K,HA1:G53N,HA1:N96S,HA1:I140K,HA1:I192F,HA1:I223V",EPI2781036,139.0
A/Catalonia/2041146NS/2023,0.0353072911086125,2023.3931506849317,2a.3b,G.1.3.2,six_month,G.1.3.2,2023-05-24,2023-10-24,"HA1:G53N,HA1:N96S,HA1:I140M,HA1:I192F",EPI2778022,355.0
A/Jeju/1047/2023,0.0335894140130778,2023.37397260274,2b,G.2,six_month,G.2,2023-05-17,2023-09-07,"HA1:E50K,HA1:G53D,HA1:F79V,HA1:I140K,HA1:S156H",EPI2735103,2124.0
A/Kobe/23117/2023,0.0341563977820493,2023.5465753424655,2b,G.2.1,six_month,G.2.1,2023-07-19,2023-09-26,"HA1:G5E,HA1:E50K,HA1:G53D,HA1:F79V,HA1:T135A,HA1:I140K,HA1:S156H,HA1:S262N",EPI2758716,23.0
A/Tecpan/17FLU/2023,0.0341562692528261,2023.37397260274,2b,G.2:242M,six_month,G.2,2023-05-17,2023-11-14,"HA1:E50K,HA1:G53D,HA1:F79V,HA1:I140K,HA1:S156H,HA1:I242M",EPI2791811,665.0
A/Wisconsin/27/2023,0.0461764251684474,2023.176712328767,2a.3a.1,G.1.3.1.1:309I,two_year,H,2023-03-06,2023-04-04,"HA1:E50K,HA1:G53N,HA1:N96S,HA1:I140K,HA1:I192F,HA1:I223V,HA1:V309I",EPI2498763,16.0
A/Pakistan/GIHSN/ICT/1339/2023,0.0439074787440984,2023.182191780822,2a.3b,G.1.3.2:83K,two_year,G.1.3.2,2023-03-08,2023-03-23,"HA1:G53N,HA1:E83K,HA1:N96S,HA1:I140M,HA1:I192F",EPI2505314,79.0
A/Bhutan/6/2023,0.0484633826035477,2023.182191780822,2a.3,"G.1.3:48T,173R",two_year,G.1.3,2023-03-08,2023-05-23,"HA1:I48T,HA1:G53N,HA1:N96S,HA1:Q173R,HA1:I192F",EPI2571554,5.0
A/Luga/RII-11393S/2023,0.042197052727952,2023.1,2b,G.2.1:269K,two_year,G.2.1,2023-02-06,2023-05-17,"HA1:E50K,HA1:G53D,HA1:F79V,HA1:T135A,HA1:I140K,HA1:S156H,HA1:S262N,HA1:R269K",EPI2558520,28.0
A/SouthDakota/22/2023,0.0410616495028007,2023.1493150684933,2b,G.2:101E,two_year,G.2,2023-02-24,2023-04-04,"HA1:E50K,HA1:G53D,HA1:F79V,HA1:D101E,HA1:I140K,HA1:S156H",EPI2498814,247.0
A/SuratThani/P152/2023,0.0416305030169208,2023.031506849315,2b,G.2:7G,two_year,G.2,2023-01-12,2023-01-25,"HA1:D7G,HA1:E50K,HA1:G53D,HA1:F79V,HA1:I140K,HA1:S156H",EPI2312127,10.0
A/Busan/1301/2023,0.0347225463148131,2023.56301369863,2a.1,B,six_month,G.1.1,2023-07-25,2023-11-15,HA1:K276R,EPI2793114,36.0
A/Sydney/715/2023,0.0415331887226942,2023.5821917808216,2a.3a.1,G.1.3.1.1:104N,six_month,H,2023-08-01,2023-09-04,"HA1:E50K,HA1:G53N,HA1:N96S,HA1:D104N,HA1:I140K,HA1:I192F,HA1:I223V",EPI2724875,9.0
A/Sydney/749/2023,0.0392665047029679,2023.5986301369865,2a.3a.1,G.1.3.1.1:106V,six_month,H,2023-08-07,2023-11-06,"HA1:E50K,HA1:G53N,HA1:N96S,HA1:A106V,HA1:I140K,HA1:I192F,HA1:I223V",EPI2785896,7.0
A/Netherlands/1693/2023,0.040965811311418,2023.7,2a.3a.1,"G.1.3.1.1:122D,276E,327R",six_month,H,2023-09-13,2023-10-11,"HA1:E50K,HA1:G53N,HA1:N96S,HA1:N122D,HA1:I140K,HA1:I192F,HA1:I223V,HA1:K276E,HA1:Q327R",EPI2771080,19.0
A/SouthAfrica/R07188/2023,0.0398326118300324,2023.4698630136984,2a.3a.1,G.1.3.1.1:124N,six_month,H,2023-06-21,2023-09-04,"HA1:E50K,HA1:G53N,HA1:N96S,HA1:S124N,HA1:I140K,HA1:I192F,HA1:I223V",EPI2725146,14.0
A/SamutSongkhram/THIS061/2023,0.0415343823980876,2023.664383561644,2a.3a.1,G.1.3.1.1:197H,six_month,H,2023-08-31,2023-09-28,"HA1:E50K,HA1:G53N,HA1:N96S,HA1:I140K,HA1:I192F,HA1:Q197H,HA1:I223V,HA1:I300V",EPI2759881,1.0
A/Chipata/15-NIC-001/2023,0.0398316400990764,2023.5657534246573,2a.3a.1,"G.1.3.1.1:198P,207R",six_month,H,2023-07-26,2023-10-01,"HA1:E50K,HA1:G53N,HA1:N96S,HA1:I140K,HA1:I192F,HA1:S198P,HA1:K207R,HA1:I223V",EPI2762684,6.0
A/Solwezi/13-NIC-001/2023,0.0415339104623482,2023.541095890411,2a.3a.1,"G.1.3.1.1:21T,122D",six_month,H,2023-07-17,2023-10-12,"HA1:P21T,HA1:E50K,HA1:G53N,HA1:N96S,HA1:N122D,HA1:I140K,HA1:I192F,HA1:I223V",EPI2773303,15.0
A/Victoria/1033/2023,0.0386994191692954,2023.4013698630135,2a.3a.1,G.1.3.1.1:278E,six_month,H,2023-05-27,2023-08-15,"HA1:E50K,HA1:G53N,HA1:N96S,HA1:I140K,HA1:I192F,HA1:I223V,HA1:K278E",EPI2686112,13.0
A/SouthAfrica/R05510/2023,0.040399332275067,2023.3876712328768,2a.3a.1,G.1.3.1.1:299K,six_month,H,2023-05-22,2023-08-16,"HA1:E50K,HA1:G53N,HA1:N96S,HA1:I140K,HA1:I192F,HA1:I223V,HA1:R299K",EPI2687991,15.0
A/Netherlands/1685/2023,0.0404027112419123,2023.686301369863,2a.3a.1,G.1.3.1.1:5E,six_month,H,2023-09-08,2023-09-22,"HA1:G5E,HA1:E50K,HA1:G53N,HA1:N96S,HA1:I140K,HA1:I192F,HA1:I223V",EPI2755805,5.0
A/SouthAfrica/R06477/2023,0.0398327546206769,2023.417808219178,2a.3a.1,G.1.3.1.1:5V,six_month,H,2023-06-02,2023-08-16,"HA1:G5V,HA1:E50K,HA1:G53N,HA1:N96S,HA1:I140K,HA1:I192F,HA1:I223V",EPI2688989,6.0
A/Oman/3011/2023,0.0392661730978121,2023.5438356164384,2a.3a.1,G.1.3.1.1:78D,six_month,H,2023-07-18,2023-09-25,"HA1:E50K,HA1:G53N,HA1:G78D,HA1:N96S,HA1:I140K,HA1:I192F,HA1:I223V",EPI2756778,28.0
A/California/81/2023,0.0392655501167794,2023.628767123288,2a.3a.1,G.1.3.1.1:81D,six_month,H,2023-08-18,2023-10-11,"HA1:E50K,HA1:G53N,HA1:N81D,HA1:N96S,HA1:I140K,HA1:I192F,HA1:I223V",EPI2772585,7.0
A/SouthAfrica/R05384/2023,0.037560627702092,2023.3712328767124,2b,"G.2:173L,212T,242M",six_month,G.2,2023-05-16,2023-07-26,"HA1:E50K,HA1:G53D,HA1:F79V,HA1:I140K,HA1:S156H,HA1:Q173L,HA1:A212T,HA1:I242M",EPI2653147,7.0
