plate_plasmid,lib-id-extended,strain-name,barcode
plate1-A1_phh_A-Switzerland-9715293-2013_HA_WSNflank_bc1,flu-seqneut-H3-2023to2024_H3N2_1,A/Switzerland/9715293/2013,bc1
plate1-A2_phh_A-Switzerland-9715293-2013_HA_WSNflank_bc2,flu-seqneut-H3-2023to2024_H3N2_1,A/Switzerland/9715293/2013,bc2
plate1-A3_phh_A-Switzerland-9715293-2013_HA_WSNflank_bc3,flu-seqneut-H3-2023to2024_H3N2_1,A/Switzerland/9715293/2013,bc3
plate1-A4_phh_A-Switzerland-9715293-2013-NIB-88_HA_WSNflank_bc1,flu-seqneut-H3-2023to2024_H3N2_2,A/Switzerland/9715293/2013 NIB-88,bc1
plate1-A5_phh_A-Switzerland-9715293-2013-NIB-88_HA_WSNflank_bc2,flu-seqneut-H3-2023to2024_H3N2_2,A/Switzerland/9715293/2013 NIB-88,bc2
plate1-A6_phh_A-Switzerland-9715293-2013-NIB-88_HA_WSNflank_bc3,flu-seqneut-H3-2023to2024_H3N2_2,A/Switzerland/9715293/2013 NIB-88,bc3
plate1-A7_phh_A-Texas-50-2012-X-223A-13-252_HA_WSNflank_bc1,flu-seqneut-H3-2023to2024_H3N2_3,A/Texas/50/2012 X-223A,bc1
plate1-A8_phh_A-Texas-50-2012-X-223A-13-252_HA_WSNflank_bc2,flu-seqneut-H3-2023to2024_H3N2_3,A/Texas/50/2012 X-223A,bc2
plate1-A9_phh_A-Texas-50-2012-X-223A-13-252_HA_WSNflank_bc3,flu-seqneut-H3-2023to2024_H3N2_3,A/Texas/50/2012 X-223A,bc3
plate1-A10_phh_A-Texas-50-2012_HA_WSNflank_bc1,flu-seqneut-H3-2023to2024_H3N2_4,A/Texas/50/2012,bc1
plate1-A11_phh_A-Texas-50-2012_HA_WSNflank_bc2,flu-seqneut-H3-2023to2024_H3N2_4,A/Texas/50/2012,bc2
plate1-A12_phh_A-Texas-50-2012_HA_WSNflank_bc3,flu-seqneut-H3-2023to2024_H3N2_4,A/Texas/50/2012,bc3
plate1-B1_phh_A-Hong-Kong-4801-2014-15-192_HA_WSNflank_bc1,flu-seqneut-H3-2023to2024_H3N2_5,A/Hong Kong/4801/2014 egg,bc1
plate1-B2_phh_A-Hong-Kong-4801-2014-15-192_HA_WSNflank_bc2,flu-seqneut-H3-2023to2024_H3N2_5,A/Hong Kong/4801/2014 egg,bc2
plate1-B3_phh_A-Hong-Kong-4801-2014-15-192_HA_WSNflank_bc3,flu-seqneut-H3-2023to2024_H3N2_5,A/Hong Kong/4801/2014 egg,bc3
plate1-B4_phh_A-Hong-Kong-4801-2014_HA_WSNflank_bc1,flu-seqneut-H3-2023to2024_H3N2_6,A/Hong Kong/4801/2014,bc1
plate1-B5_phh_A-Hong-Kong-4801-2014_HA_WSNflank_bc2,flu-seqneut-H3-2023to2024_H3N2_6,A/Hong Kong/4801/2014,bc2
plate1-B6_phh_A-Hong-Kong-4801-2014_HA_WSNflank_bc3,flu-seqneut-H3-2023to2024_H3N2_6,A/Hong Kong/4801/2014,bc3
plate1-B7_phh_A-Hong-Kong-45-2019_HA_WSNflank_bc1,flu-seqneut-H3-2023to2024_H3N2_7,A/Hong Kong/45/2019,bc1
plate1-B8_phh_A-Hong-Kong-45-2019_HA_WSNflank_bc2,flu-seqneut-H3-2023to2024_H3N2_7,A/Hong Kong/45/2019,bc2
plate1-B9_phh_A-Hong-Kong-45-2019_HA_WSNflank_bc3,flu-seqneut-H3-2023to2024_H3N2_7,A/Hong Kong/45/2019,bc3
plate1-B10_phh_A-Hong-Kong-2671-2019_HA_WSNflank_bc1,flu-seqneut-H3-2023to2024_H3N2_8,A/Hong Kong/2671/2019,bc1
plate1-B11_phh_A-Hong-Kong-2671-2019_HA_WSNflank_bc2,flu-seqneut-H3-2023to2024_H3N2_8,A/Hong Kong/2671/2019,bc2
plate1-B12_phh_A-Hong-Kong-2671-2019_HA_WSNflank_bc3,flu-seqneut-H3-2023to2024_H3N2_8,A/Hong Kong/2671/2019,bc3
plate1-C1_phh_A-Singapore-INFIMH-16-0019-2016_HA_WSNflank_bc1,flu-seqneut-H3-2023to2024_H3N2_9,A/Singapore/INFIMH-16-0019/2016,bc1
plate1-C2_phh_A-Singapore-INFIMH-16-0019-2016_HA_WSNflank_bc2,flu-seqneut-H3-2023to2024_H3N2_9,A/Singapore/INFIMH-16-0019/2016,bc2
plate1-C3_phh_A-Singapore-INFIMH-16-0019-2016_HA_WSNflank_bc3,flu-seqneut-H3-2023to2024_H3N2_9,A/Singapore/INFIMH-16-0019/2016,bc3
plate1-C4_phh_A-Singapore-INFIMH-16-0019-2016-X-307A_HA_WSNflank_bc1,flu-seqneut-H3-2023to2024_H3N2_10,A/Singapore/INFIMH-16-0019/2016 X-307A,bc1
plate1-C5_phh_A-Singapore-INFIMH-16-0019-2016-X-307A_HA_WSNflank_bc2,flu-seqneut-H3-2023to2024_H3N2_10,A/Singapore/INFIMH-16-0019/2016 X-307A,bc2
plate1-C6_phh_A-Singapore-INFIMH-16-0019-2016-X-307A_HA_WSNflank_bc3,flu-seqneut-H3-2023to2024_H3N2_10,A/Singapore/INFIMH-16-0019/2016 X-307A,bc3
plate1-C7_phh_A-Kansas-14-2017_HA_WSNflank_bc1,flu-seqneut-H3-2023to2024_H3N2_11,A/Kansas/14/2017,bc1
plate1-C8_phh_A-Kansas-14-2017_HA_WSNflank_bc2,flu-seqneut-H3-2023to2024_H3N2_11,A/Kansas/14/2017,bc2
plate1-C9_phh_A-Kansas-14-2017_HA_WSNflank_bc3,flu-seqneut-H3-2023to2024_H3N2_11,A/Kansas/14/2017,bc3
plate1-C10_phh_A-Kansas-14-2017-X-327_HA_WSNflank_bc1,flu-seqneut-H3-2023to2024_H3N2_12,A/Kansas/14/2017 X-327,bc1
plate1-C11_phh_A-Kansas-14-2017-X-327_HA_WSNflank_bc2,flu-seqneut-H3-2023to2024_H3N2_12,A/Kansas/14/2017 X-327,bc2
plate1-C12_phh_A-Kansas-14-2017-X-327_HA_WSNflank_bc3,flu-seqneut-H3-2023to2024_H3N2_12,A/Kansas/14/2017 X-327,bc3
plate1-D1_phh_A-Cambodia-e0826360-2020_HA_WSNflank_bc1,flu-seqneut-H3-2023to2024_H3N2_13,A/Cambodia/e0826360/2020,bc1
plate1-D2_phh_A-Cambodia-e0826360-2020_HA_WSNflank_bc2,flu-seqneut-H3-2023to2024_H3N2_13,A/Cambodia/e0826360/2020,bc2
plate1-D3_phh_A-Cambodia-e0826360-2020_HA_WSNflank_bc3,flu-seqneut-H3-2023to2024_H3N2_13,A/Cambodia/e0826360/2020,bc3
plate1-D4_phh_A-Darwin-6-2021_HA_WSNflank_bc1,flu-seqneut-H3-2023to2024_H3N2_14,A/Darwin/6/2021,bc1
plate1-D5_phh_A-Darwin-6-2021_HA_WSNflank_bc2,flu-seqneut-H3-2023to2024_H3N2_14,A/Darwin/6/2021,bc2
plate1-D6_phh_A-Darwin-6-2021_HA_WSNflank_bc3,flu-seqneut-H3-2023to2024_H3N2_14,A/Darwin/6/2021,bc3
plate1-D7_phh_A-Cambodia-e0826360-2020_HA_WSNflank_bc1,flu-seqneut-H3-2023to2024_H3N2_15,A/Cambodia/e0826360/2020 egg,bc1
plate1-D8_phh_A-Cambodia-e0826360-2020_HA_WSNflank_bc2,flu-seqneut-H3-2023to2024_H3N2_15,A/Cambodia/e0826360/2020 egg,bc2
plate1-D9_phh_A-Cambodia-e0826360-2020_HA_WSNflank_bc3,flu-seqneut-H3-2023to2024_H3N2_15,A/Cambodia/e0826360/2020 egg,bc3
plate1-D10_phh_A-Darwin-9-2021_HA_WSNflank_bc1,flu-seqneut-H3-2023to2024_H3N2_16,A/Darwin/9/2021,bc1
plate1-D11_phh_A-Darwin-9-2021_HA_WSNflank_bc2,flu-seqneut-H3-2023to2024_H3N2_16,A/Darwin/9/2021,bc2
plate1-D12_phh_A-Darwin-9-2021_HA_WSNflank_bc3,flu-seqneut-H3-2023to2024_H3N2_16,A/Darwin/9/2021,bc3
plate1-E1_phh_A-Abu-Dhabi-6753-2023_HA_WSNflank_bc1,flu-seqneut-H3-2023to2024_H3N2_17,A/Abu Dhabi/6753/2023,bc1
plate1-E1_phh_A-Abu-Dhabi-6753-2023_HA_WSNflank_bc1,flu-seqneut-H3-2023to2024_H3N2_17,A/Abu Dhabi/6753/2023,bc1
plate1-E2_phh_A-Abu-Dhabi-6753-2023_HA_WSNflank_bc2,flu-seqneut-H3-2023to2024_H3N2_17,A/Abu Dhabi/6753/2023,bc2
plate1-E2_phh_A-Abu-Dhabi-6753-2023_HA_WSNflank_bc2,flu-seqneut-H3-2023to2024_H3N2_17,A/Abu Dhabi/6753/2023,bc2
plate1-E3_phh_A-Abu-Dhabi-6753-2023_HA_WSNflank_bc3,flu-seqneut-H3-2023to2024_H3N2_17,A/Abu Dhabi/6753/2023,bc3
plate1-E3_phh_A-Abu-Dhabi-6753-2023_HA_WSNflank_bc3,flu-seqneut-H3-2023to2024_H3N2_17,A/Abu Dhabi/6753/2023,bc3
plate1-E4_phh_A-Georgia-40-2023_HA_WSNflank_bc1,flu-seqneut-H3-2023to2024_H3N2_18,A/Georgia/40/2023,bc1
plate1-E4_phh_A-Georgia-40-2023_HA_WSNflank_bc1,flu-seqneut-H3-2023to2024_H3N2_18,A/Georgia/40/2023,bc1
plate1-E5_phh_A-Georgia-40-2023_HA_WSNflank_bc2,flu-seqneut-H3-2023to2024_H3N2_18,A/Georgia/40/2023,bc2
plate1-E5_phh_A-Georgia-40-2023_HA_WSNflank_bc2,flu-seqneut-H3-2023to2024_H3N2_18,A/Georgia/40/2023,bc2
plate1-E6_phh_A-Georgia-40-2023_HA_WSNflank_bc3,flu-seqneut-H3-2023to2024_H3N2_18,A/Georgia/40/2023,bc3
plate1-E6_phh_A-Georgia-40-2023_HA_WSNflank_bc3,flu-seqneut-H3-2023to2024_H3N2_18,A/Georgia/40/2023,bc3
plate1-E7_phh_A-California-81-2023_HA_WSNflank_bc1,flu-seqneut-H3-2023to2024_H3N2_19,A/California/81/2023,bc1
plate1-E7_phh_A-California-81-2023_HA_WSNflank_bc1,flu-seqneut-H3-2023to2024_H3N2_19,A/California/81/2023,bc1
plate1-E8_phh_A-California-81-2023_HA_WSNflank_bc2,flu-seqneut-H3-2023to2024_H3N2_19,A/California/81/2023,bc2
plate1-E8_phh_A-California-81-2023_HA_WSNflank_bc2,flu-seqneut-H3-2023to2024_H3N2_19,A/California/81/2023,bc2
plate1-E9_phh_A-California-81-2023_HA_WSNflank_bc3,flu-seqneut-H3-2023to2024_H3N2_19,A/California/81/2023,bc3
plate1-E9_phh_A-California-81-2023_HA_WSNflank_bc3,flu-seqneut-H3-2023to2024_H3N2_19,A/California/81/2023,bc3
plate1-E10_phh_A-Wisconsin-27-2023_HA_WSNflank_bc1,flu-seqneut-H3-2023to2024_H3N2_20,A/Wisconsin/27/2023,bc1
plate1-E10_phh_A-Wisconsin-27-2023_HA_WSNflank_bc1,flu-seqneut-H3-2023to2024_H3N2_20,A/Wisconsin/27/2023,bc1
plate1-E11_phh_A-Wisconsin-27-2023_HA_WSNflank_bc2,flu-seqneut-H3-2023to2024_H3N2_20,A/Wisconsin/27/2023,bc2
plate1-E11_phh_A-Wisconsin-27-2023_HA_WSNflank_bc2,flu-seqneut-H3-2023to2024_H3N2_20,A/Wisconsin/27/2023,bc2
plate1-E12_phh_A-Wisconsin-27-2023_HA_WSNflank_bc3,flu-seqneut-H3-2023to2024_H3N2_20,A/Wisconsin/27/2023,bc3
plate1-E12_phh_A-Wisconsin-27-2023_HA_WSNflank_bc3,flu-seqneut-H3-2023to2024_H3N2_20,A/Wisconsin/27/2023,bc3
plate1-F1_phh_A-Maldives-852-2023_HA_WSNflank_bc1,flu-seqneut-H3-2023to2024_H3N2_21,A/Maldives/852/2023,bc1
plate1-F1_phh_A-Maldives-852-2023_HA_WSNflank_bc1,flu-seqneut-H3-2023to2024_H3N2_21,A/Maldives/852/2023,bc1
plate1-F2_phh_A-Maldives-852-2023_HA_WSNflank_bc2,flu-seqneut-H3-2023to2024_H3N2_21,A/Maldives/852/2023,bc2
plate1-F2_phh_A-Maldives-852-2023_HA_WSNflank_bc2,flu-seqneut-H3-2023to2024_H3N2_21,A/Maldives/852/2023,bc2
plate1-F3_phh_A-Maldives-852-2023_HA_WSNflank_bc3,flu-seqneut-H3-2023to2024_H3N2_21,A/Maldives/852/2023,bc3
plate1-F3_phh_A-Maldives-852-2023_HA_WSNflank_bc3,flu-seqneut-H3-2023to2024_H3N2_21,A/Maldives/852/2023,bc3
plate1-F4_phh_A-Oman-3011-2023_HA_WSNflank_bc1,flu-seqneut-H3-2023to2024_H3N2_22,A/Oman/3011/2023,bc1
plate1-F4_phh_A-Oman-3011-2023_HA_WSNflank_bc1,flu-seqneut-H3-2023to2024_H3N2_22,A/Oman/3011/2023,bc1
plate1-F5_phh_A-Oman-3011-2023_HA_WSNflank_bc2,flu-seqneut-H3-2023to2024_H3N2_22,A/Oman/3011/2023,bc2
plate1-F5_phh_A-Oman-3011-2023_HA_WSNflank_bc2,flu-seqneut-H3-2023to2024_H3N2_22,A/Oman/3011/2023,bc2
plate1-F6_phh_A-Oman-3011-2023_HA_WSNflank_bc3,flu-seqneut-H3-2023to2024_H3N2_22,A/Oman/3011/2023,bc3
plate1-F6_phh_A-Oman-3011-2023_HA_WSNflank_bc3,flu-seqneut-H3-2023to2024_H3N2_22,A/Oman/3011/2023,bc3
plate1-F7_phh_A-SOUTH-AFRICA-R07876-202023_HA_WSNflank_bc1,flu-seqneut-H3-2023to2024_H3N2_23,A/SOUTH AFRICA/R07876/202023,bc1
plate1-F7_phh_A-SOUTH-AFRICA-R07876-202023_HA_WSNflank_bc1,flu-seqneut-H3-2023to2024_H3N2_23,A/SOUTH AFRICA/R07876/202023,bc1
plate1-F8_phh_A-SOUTH-AFRICA-R07876-202023_HA_WSNflank_bc2,flu-seqneut-H3-2023to2024_H3N2_23,A/SOUTH AFRICA/R07876/202023,bc2
plate1-F8_phh_A-SOUTH-AFRICA-R07876-202023_HA_WSNflank_bc2,flu-seqneut-H3-2023to2024_H3N2_23,A/SOUTH AFRICA/R07876/202023,bc2
plate1-F9_phh_A-SOUTH-AFRICA-R07876-202023_HA_WSNflank_bc3,flu-seqneut-H3-2023to2024_H3N2_23,A/SOUTH AFRICA/R07876/202023,bc3
plate1-F9_phh_A-SOUTH-AFRICA-R07876-202023_HA_WSNflank_bc3,flu-seqneut-H3-2023to2024_H3N2_23,A/SOUTH AFRICA/R07876/202023,bc3
plate1-F10_phh_A-Bhutan-0845-2023_HA_WSNflank_bc1,flu-seqneut-H3-2023to2024_H3N2_24,A/Bhutan/0845/2023,bc1
plate1-F10_phh_A-Bhutan-0845-2023_HA_WSNflank_bc1,flu-seqneut-H3-2023to2024_H3N2_24,A/Bhutan/0845/2023,bc1
plate1-F11_phh_A-Bhutan-0845-2023_HA_WSNflank_bc2,flu-seqneut-H3-2023to2024_H3N2_24,A/Bhutan/0845/2023,bc2
plate1-F11_phh_A-Bhutan-0845-2023_HA_WSNflank_bc2,flu-seqneut-H3-2023to2024_H3N2_24,A/Bhutan/0845/2023,bc2
plate1-F12_phh_A-Bhutan-0845-2023_HA_WSNflank_bc3,flu-seqneut-H3-2023to2024_H3N2_24,A/Bhutan/0845/2023,bc3
plate1-F12_phh_A-Bhutan-0845-2023_HA_WSNflank_bc3,flu-seqneut-H3-2023to2024_H3N2_24,A/Bhutan/0845/2023,bc3
plate1-G1_phh_A-Netherlands-01693-2023_HA_WSNflank_bc1,flu-seqneut-H3-2023to2024_H3N2_25,A/Netherlands/01693/2023,bc1
plate1-G2_phh_A-Netherlands-01693-2023_HA_WSNflank_bc2,flu-seqneut-H3-2023to2024_H3N2_25,A/Netherlands/01693/2023,bc2
plate1-G3_phh_A-Netherlands-01693-2023_HA_WSNflank_bc3,flu-seqneut-H3-2023to2024_H3N2_25,A/Netherlands/01693/2023,bc3
plate1-G4_phh_A-Bangkok-P3755-2023_HA_WSNflank_bc1,flu-seqneut-H3-2023to2024_H3N2_26,A/Bangkok/P3755/2023,bc1
plate1-G4_phh_A-Bangkok-P3755-2023_HA_WSNflank_bc1,flu-seqneut-H3-2023to2024_H3N2_26,A/Bangkok/P3755/2023,bc1
plate1-G5_phh_A-Bangkok-P3755-2023_HA_WSNflank_bc2,flu-seqneut-H3-2023to2024_H3N2_26,A/Bangkok/P3755/2023,bc2
plate1-G5_phh_A-Bangkok-P3755-2023_HA_WSNflank_bc2,flu-seqneut-H3-2023to2024_H3N2_26,A/Bangkok/P3755/2023,bc2
plate1-G6_phh_A-Bangkok-P3755-2023_HA_WSNflank_bc3,flu-seqneut-H3-2023to2024_H3N2_26,A/Bangkok/P3755/2023,bc3
plate1-G6_phh_A-Bangkok-P3755-2023_HA_WSNflank_bc3,flu-seqneut-H3-2023to2024_H3N2_26,A/Bangkok/P3755/2023,bc3
plate1-G7_phh_A-Krabi-THIS050-2023_HA_WSNflank_bc1,flu-seqneut-H3-2023to2024_H3N2_27,A/Krabi/THIS050/2023,bc1
plate1-G8_phh_A-Krabi-THIS050-2023_HA_WSNflank_bc2,flu-seqneut-H3-2023to2024_H3N2_27,A/Krabi/THIS050/2023,bc2
plate1-G9_phh_A-Krabi-THIS050-2023_HA_WSNflank_bc3,flu-seqneut-H3-2023to2024_H3N2_27,A/Krabi/THIS050/2023,bc3
plate1-G10_phh_A-Netherlands-01685-2023_HA_WSNflank_bc1,flu-seqneut-H3-2023to2024_H3N2_28,A/Netherlands/01685/2023,bc1
plate1-G11_phh_A-Netherlands-01685-2023_HA_WSNflank_bc2,flu-seqneut-H3-2023to2024_H3N2_28,A/Netherlands/01685/2023,bc2
plate1-G12_phh_A-Netherlands-01685-2023_HA_WSNflank_bc3,flu-seqneut-H3-2023to2024_H3N2_28,A/Netherlands/01685/2023,bc3
plate1-H1_phh_A-Netherlands-01760-2023_HA_WSNflank_bc1,flu-seqneut-H3-2023to2024_H3N2_29,A/Netherlands/01760/2023,bc1
plate1-H2_phh_A-Netherlands-01760-2023_HA_WSNflank_bc2,flu-seqneut-H3-2023to2024_H3N2_29,A/Netherlands/01760/2023,bc2
plate1-H3_phh_A-Netherlands-01760-2023_HA_WSNflank_bc3,flu-seqneut-H3-2023to2024_H3N2_29,A/Netherlands/01760/2023,bc3
plate1-H4_phh_A-Chipata-15-NIC-001-2023_HA_WSNflank_bc1,flu-seqneut-H3-2023to2024_H3N2_30,A/Chipata/15-NIC-001/2023,bc1
plate1-H5_phh_A-Chipata-15-NIC-001-2023_HA_WSNflank_bc2,flu-seqneut-H3-2023to2024_H3N2_30,A/Chipata/15-NIC-001/2023,bc2
plate1-H6_phh_A-Chipata-15-NIC-001-2023_HA_WSNflank_bc3,flu-seqneut-H3-2023to2024_H3N2_30,A/Chipata/15-NIC-001/2023,bc3
plate1-H7_phh_A-Malaysia-IMR-SARI1989-2023_HA_WSNflank_bc1,flu-seqneut-H3-2023to2024_H3N2_31,A/Malaysia/IMR-SARI1989/2023 ,bc1
plate1-H7_phh_A-Malaysia-IMR-SARI1989-2023_HA_WSNflank_bc1,flu-seqneut-H3-2023to2024_H3N2_31,A/Malaysia/IMR-SARI1989/2023 ,bc1
plate1-H8_phh_A-Malaysia-IMR-SARI1989-2023_HA_WSNflank_bc2,flu-seqneut-H3-2023to2024_H3N2_31,A/Malaysia/IMR-SARI1989/2023 ,bc2
plate1-H8_phh_A-Malaysia-IMR-SARI1989-2023_HA_WSNflank_bc2,flu-seqneut-H3-2023to2024_H3N2_31,A/Malaysia/IMR-SARI1989/2023 ,bc2
plate1-H9_phh_A-Malaysia-IMR-SARI1989-2023_HA_WSNflank_bc3,flu-seqneut-H3-2023to2024_H3N2_31,A/Malaysia/IMR-SARI1989/2023 ,bc3
plate1-H9_phh_A-Malaysia-IMR-SARI1989-2023_HA_WSNflank_bc3,flu-seqneut-H3-2023to2024_H3N2_31,A/Malaysia/IMR-SARI1989/2023 ,bc3
plate1-H10_phh_A-Singapore-NUH0526-2023_HA_WSNflank_bc1,flu-seqneut-H3-2023to2024_H3N2_32,A/Singapore/NUH0526/2023,bc1
plate1-H10_phh_A-Singapore-NUH0526-2023_HA_WSNflank_bc1,flu-seqneut-H3-2023to2024_H3N2_32,A/Singapore/NUH0526/2023,bc1
plate1-H11_phh_A-Singapore-NUH0526-2023_HA_WSNflank_bc2,flu-seqneut-H3-2023to2024_H3N2_32,A/Singapore/NUH0526/2023,bc2
plate1-H11_phh_A-Singapore-NUH0526-2023_HA_WSNflank_bc2,flu-seqneut-H3-2023to2024_H3N2_32,A/Singapore/NUH0526/2023,bc2
plate1-H12_phh_A-Singapore-NUH0526-2023_HA_WSNflank_bc3,flu-seqneut-H3-2023to2024_H3N2_32,A/Singapore/NUH0526/2023,bc3
plate1-H12_phh_A-Singapore-NUH0526-2023_HA_WSNflank_bc3,flu-seqneut-H3-2023to2024_H3N2_32,A/Singapore/NUH0526/2023,bc3
plate2-A1_phh_A-Victoria-1033-2023_HA_WSNflank_bc1,flu-seqneut-H3-2023to2024_H3N2_33,A/Victoria/1033/2023,bc1
plate2-A1_phh_A-Victoria-1033-2023_HA_WSNflank_bc1,flu-seqneut-H3-2023to2024_H3N2_33,A/Victoria/1033/2023,bc1
plate2-A2_phh_A-Victoria-1033-2023_HA_WSNflank_bc2,flu-seqneut-H3-2023to2024_H3N2_33,A/Victoria/1033/2023,bc2
plate2-A2_phh_A-Victoria-1033-2023_HA_WSNflank_bc2,flu-seqneut-H3-2023to2024_H3N2_33,A/Victoria/1033/2023,bc2
plate2-A3_phh_A-Victoria-1033-2023_HA_WSNflank_bc3,flu-seqneut-H3-2023to2024_H3N2_33,A/Victoria/1033/2023,bc3
plate2-A3_phh_A-Victoria-1033-2023_HA_WSNflank_bc3,flu-seqneut-H3-2023to2024_H3N2_33,A/Victoria/1033/2023,bc3
plate2-A4_phh_A-Catalonia-NSVH102124476-2023_HA_WSNflank_bc1,flu-seqneut-H3-2023to2024_H3N2_34,A/Catalonia/NSVH102124476/2023,bc1
plate2-A5_phh_A-Catalonia-NSVH102124476-2023_HA_WSNflank_bc2,flu-seqneut-H3-2023to2024_H3N2_34,A/Catalonia/NSVH102124476/2023,bc2
plate2-A6_phh_A-Catalonia-NSVH102124476-2023_HA_WSNflank_bc3,flu-seqneut-H3-2023to2024_H3N2_34,A/Catalonia/NSVH102124476/2023,bc3
plate2-A7_phh_A-Sydney-749-2023_HA_WSNflank_bc1,flu-seqneut-H3-2023to2024_H3N2_35,A/Sydney/749/2023,bc1
plate2-A7_phh_A-Sydney-749-2023_HA_WSNflank_bc1,flu-seqneut-H3-2023to2024_H3N2_35,A/Sydney/749/2023,bc1
plate2-A8_phh_A-Sydney-749-2023_HA_WSNflank_bc2,flu-seqneut-H3-2023to2024_H3N2_35,A/Sydney/749/2023,bc2
plate2-A8_phh_A-Sydney-749-2023_HA_WSNflank_bc2,flu-seqneut-H3-2023to2024_H3N2_35,A/Sydney/749/2023,bc2
plate2-A9_phh_A-Sydney-749-2023_HA_WSNflank_bc3,flu-seqneut-H3-2023to2024_H3N2_35,A/Sydney/749/2023,bc3
plate2-A9_phh_A-Sydney-749-2023_HA_WSNflank_bc3,flu-seqneut-H3-2023to2024_H3N2_35,A/Sydney/749/2023,bc3
plate2-A10_phh_A-Townsville-68-2023_HA_WSNflank_bc1,flu-seqneut-H3-2023to2024_H3N2_36,A/Townsville/68/2023,bc1
plate2-A10_phh_A-Townsville-68-2023_HA_WSNflank_bc1,flu-seqneut-H3-2023to2024_H3N2_36,A/Townsville/68/2023,bc1
plate2-A11_phh_A-Townsville-68-2023_HA_WSNflank_bc2,flu-seqneut-H3-2023to2024_H3N2_36,A/Townsville/68/2023,bc2
plate2-A11_phh_A-Townsville-68-2023_HA_WSNflank_bc2,flu-seqneut-H3-2023to2024_H3N2_36,A/Townsville/68/2023,bc2
plate2-A12_phh_A-Townsville-68-2023_HA_WSNflank_bc3,flu-seqneut-H3-2023to2024_H3N2_36,A/Townsville/68/2023,bc3
plate2-A12_phh_A-Townsville-68-2023_HA_WSNflank_bc3,flu-seqneut-H3-2023to2024_H3N2_36,A/Townsville/68/2023,bc3
plate2-B1_phh_A-Sydney-710-2023_HA_WSNflank_bc1,flu-seqneut-H3-2023to2024_H3N2_37,A/Sydney/710/2023,bc1
plate2-B1_phh_A-Sydney-710-2023_HA_WSNflank_bc1,flu-seqneut-H3-2023to2024_H3N2_37,A/Sydney/710/2023,bc1
plate2-B2_phh_A-Sydney-710-2023_HA_WSNflank_bc2,flu-seqneut-H3-2023to2024_H3N2_37,A/Sydney/710/2023,bc2
plate2-B2_phh_A-Sydney-710-2023_HA_WSNflank_bc2,flu-seqneut-H3-2023to2024_H3N2_37,A/Sydney/710/2023,bc2
plate2-B3_phh_A-Sydney-710-2023_HA_WSNflank_bc3,flu-seqneut-H3-2023to2024_H3N2_37,A/Sydney/710/2023,bc3
plate2-B3_phh_A-Sydney-710-2023_HA_WSNflank_bc3,flu-seqneut-H3-2023to2024_H3N2_37,A/Sydney/710/2023,bc3
plate2-B4_phh_A-Sydney-332-2023_HA_WSNflank_bc1,flu-seqneut-H3-2023to2024_H3N2_38,A/Sydney/332/2023,bc1
plate2-B5_phh_A-Sydney-332-2023_HA_WSNflank_bc2,flu-seqneut-H3-2023to2024_H3N2_38,A/Sydney/332/2023,bc2
plate2-B6_phh_A-Sydney-332-2023_HA_WSNflank_bc3,flu-seqneut-H3-2023to2024_H3N2_38,A/Sydney/332/2023,bc3
plate2-B7_phh_A-South-Africa-R05510-2023_HA_WSNflank_bc1,flu-seqneut-H3-2023to2024_H3N2_39,A/South Africa/R05510/2023,bc1
plate2-B8_phh_A-South-Africa-R05510-2023_HA_WSNflank_bc2,flu-seqneut-H3-2023to2024_H3N2_39,A/South Africa/R05510/2023,bc2
plate2-B9_phh_A-South-Africa-R05510-2023_HA_WSNflank_bc3,flu-seqneut-H3-2023to2024_H3N2_39,A/South Africa/R05510/2023,bc3
plate2-B10_phh_A-SouthAfrica-PET28931-2023_HA_WSNflank_bc1,flu-seqneut-H3-2023to2024_H3N2_40,A/SouthAfrica/PET28931/2023,bc1
plate2-B11_phh_A-SouthAfrica-PET28931-2023_HA_WSNflank_bc2,flu-seqneut-H3-2023to2024_H3N2_40,A/SouthAfrica/PET28931/2023,bc2
plate2-B12_phh_A-SouthAfrica-PET28931-2023_HA_WSNflank_bc3,flu-seqneut-H3-2023to2024_H3N2_40,A/SouthAfrica/PET28931/2023,bc3
plate2-C1_phh_A-South-Africa-R07188-2023_HA_WSNflank_bc1,flu-seqneut-H3-2023to2024_H3N2_41,A/South Africa/R07188/2023,bc1
plate2-C2_phh_A-South-Africa-R07188-2023_HA_WSNflank_bc2,flu-seqneut-H3-2023to2024_H3N2_41,A/South Africa/R07188/2023,bc2
plate2-C3_phh_A-South-Africa-R07188-2023_HA_WSNflank_bc3,flu-seqneut-H3-2023to2024_H3N2_41,A/South Africa/R07188/2023,bc3
plate2-C4_phh_A-South-Africa-R06477-2023_HA_WSNflank_bc1,flu-seqneut-H3-2023to2024_H3N2_42,A/South Africa/R06477/2023,bc1
plate2-C5_phh_A-South-Africa-R06477-2023_HA_WSNflank_bc2,flu-seqneut-H3-2023to2024_H3N2_42,A/South Africa/R06477/2023,bc2
plate2-C6_phh_A-South-Africa-R06477-2023_HA_WSNflank_bc3,flu-seqneut-H3-2023to2024_H3N2_42,A/South Africa/R06477/2023,bc3
plate2-C7_phh_A-South-Africa-R06240-2023_HA_WSNflank_bc1,flu-seqneut-H3-2023to2024_H3N2_43,A/South Africa/R06240/2023,bc1
plate2-C8_phh_A-South-Africa-R06240-2023_HA_WSNflank_bc2,flu-seqneut-H3-2023to2024_H3N2_43,A/South Africa/R06240/2023,bc2
plate2-C9_phh_A-South-Africa-R06240-2023_HA_WSNflank_bc3,flu-seqneut-H3-2023to2024_H3N2_43,A/South Africa/R06240/2023,bc3
plate2-C10_phh_A-Solwezi-13-NIC-001-2023_HA_WSNflank_bc1,flu-seqneut-H3-2023to2024_H3N2_44,A/Solwezi/13-NIC-001/2023,bc1
plate2-C11_phh_A-Solwezi-13-NIC-001-2023_HA_WSNflank_bc2,flu-seqneut-H3-2023to2024_H3N2_44,A/Solwezi/13-NIC-001/2023,bc2
plate2-C12_phh_A-Solwezi-13-NIC-001-2023_HA_WSNflank_bc3,flu-seqneut-H3-2023to2024_H3N2_44,A/Solwezi/13-NIC-001/2023,bc3
plate2-D1_phh_A-Sydney-715-2023_HA_WSNflank_bc1,flu-seqneut-H3-2023to2024_H3N2_45,A/Sydney/715/2023,bc1
plate2-D1_phh_A-Sydney-715-2023_HA_WSNflank_bc1,flu-seqneut-H3-2023to2024_H3N2_45,A/Sydney/715/2023,bc1
plate2-D2_phh_A-Sydney-715-2023_HA_WSNflank_bc2,flu-seqneut-H3-2023to2024_H3N2_45,A/Sydney/715/2023,bc2
plate2-D2_phh_A-Sydney-715-2023_HA_WSNflank_bc2,flu-seqneut-H3-2023to2024_H3N2_45,A/Sydney/715/2023,bc2
plate2-D3_phh_A-Sydney-715-2023_HA_WSNflank_bc3,flu-seqneut-H3-2023to2024_H3N2_45,A/Sydney/715/2023,bc3
plate2-D3_phh_A-Sydney-715-2023_HA_WSNflank_bc3,flu-seqneut-H3-2023to2024_H3N2_45,A/Sydney/715/2023,bc3
plate2-D4_phh_A-Ontario-RV00796-2023_HA_WSNflank_bc1,flu-seqneut-H3-2023to2024_H3N2_46,A/Ontario/RV00796/2023,bc1
plate2-D4_phh_A-Ontario-RV00796-2023_HA_WSNflank_bc1,flu-seqneut-H3-2023to2024_H3N2_46,A/Ontario/RV00796/2023,bc1
plate2-D5_phh_A-Ontario-RV00796-2023_HA_WSNflank_bc2,flu-seqneut-H3-2023to2024_H3N2_46,A/Ontario/RV00796/2023,bc2
plate2-D5_phh_A-Ontario-RV00796-2023_HA_WSNflank_bc2,flu-seqneut-H3-2023to2024_H3N2_46,A/Ontario/RV00796/2023,bc2
plate2-D6_phh_A-Ontario-RV00796-2023_HA_WSNflank_bc3,flu-seqneut-H3-2023to2024_H3N2_46,A/Ontario/RV00796/2023,bc3
plate2-D6_phh_A-Ontario-RV00796-2023_HA_WSNflank_bc3,flu-seqneut-H3-2023to2024_H3N2_46,A/Ontario/RV00796/2023,bc3
plate2-D7_phh_A-Samut-Songkhram-THIS061-2023_HA_WSNflank_bc1,flu-seqneut-H3-2023to2024_H3N2_47,A/Samut Songkhram/THIS061/2023,bc1
plate2-D7_phh_A-Samut-Songkhram-THIS061-2023_HA_WSNflank_bc1,flu-seqneut-H3-2023to2024_H3N2_47,A/Samut Songkhram/THIS061/2023,bc1
plate2-D8_phh_A-Samut-Songkhram-THIS061-2023_HA_WSNflank_bc2,flu-seqneut-H3-2023to2024_H3N2_47,A/Samut Songkhram/THIS061/2023,bc2
plate2-D8_phh_A-Samut-Songkhram-THIS061-2023_HA_WSNflank_bc2,flu-seqneut-H3-2023to2024_H3N2_47,A/Samut Songkhram/THIS061/2023,bc2
plate2-D9_phh_A-Samut-Songkhram-THIS061-2023_HA_WSNflank_bc3,flu-seqneut-H3-2023to2024_H3N2_47,A/Samut Songkhram/THIS061/2023,bc3
plate2-D9_phh_A-Samut-Songkhram-THIS061-2023_HA_WSNflank_bc3,flu-seqneut-H3-2023to2024_H3N2_47,A/Samut Songkhram/THIS061/2023,bc3
plate2-D10_phh_A-Bangkok-P3599-2023_HA_WSNflank_bc1,flu-seqneut-H3-2023to2024_H3N2_48,A/Bangkok/P3599/2023,bc1
plate2-D10_phh_A-Bangkok-P3599-2023_HA_WSNflank_bc1,flu-seqneut-H3-2023to2024_H3N2_48,A/Bangkok/P3599/2023,bc1
plate2-D11_phh_A-Bangkok-P3599-2023_HA_WSNflank_bc2,flu-seqneut-H3-2023to2024_H3N2_48,A/Bangkok/P3599/2023,bc2
plate2-D11_phh_A-Bangkok-P3599-2023_HA_WSNflank_bc2,flu-seqneut-H3-2023to2024_H3N2_48,A/Bangkok/P3599/2023,bc2
plate2-D12_phh_A-Bangkok-P3599-2023_HA_WSNflank_bc3,flu-seqneut-H3-2023to2024_H3N2_48,A/Bangkok/P3599/2023,bc3
plate2-D12_phh_A-Bangkok-P3599-2023_HA_WSNflank_bc3,flu-seqneut-H3-2023to2024_H3N2_48,A/Bangkok/P3599/2023,bc3
plate2-E1_phh_A-Guangdong-Futian-1980-2023_HA_WSNflank_bc1,flu-seqneut-H3-2023to2024_H3N2_49,A/Guangdong-Futian/1980/2023,bc1
plate2-E1_phh_A-Guangdong-Futian-1980-2023_HA_WSNflank_bc1,flu-seqneut-H3-2023to2024_H3N2_49,A/Guangdong-Futian/1980/2023,bc1
plate2-E2_phh_A-Guangdong-Futian-1980-2023_HA_WSNflank_bc2,flu-seqneut-H3-2023to2024_H3N2_49,A/Guangdong-Futian/1980/2023,bc2
plate2-E2_phh_A-Guangdong-Futian-1980-2023_HA_WSNflank_bc2,flu-seqneut-H3-2023to2024_H3N2_49,A/Guangdong-Futian/1980/2023,bc2
plate2-E3_phh_A-Guangdong-Futian-1980-2023_HA_WSNflank_bc3,flu-seqneut-H3-2023to2024_H3N2_49,A/Guangdong-Futian/1980/2023,bc3
plate2-E3_phh_A-Guangdong-Futian-1980-2023_HA_WSNflank_bc3,flu-seqneut-H3-2023to2024_H3N2_49,A/Guangdong-Futian/1980/2023,bc3
plate2-E4_phh_A-South-Africa-K056872-2023_HA_WSNflank_bc1,flu-seqneut-H3-2023to2024_H3N2_50,A/South Africa/K056872/2023,bc1
plate2-E5_phh_A-South-Africa-K056872-2023_HA_WSNflank_bc2,flu-seqneut-H3-2023to2024_H3N2_50,A/South Africa/K056872/2023,bc2
plate2-E6_phh_A-South-Africa-K056872-2023_HA_WSNflank_bc3,flu-seqneut-H3-2023to2024_H3N2_50,A/South Africa/K056872/2023,bc3
plate2-E7_phh_A-South-Africa-KO56863-2023_HA_WSNflank_bc1,flu-seqneut-H3-2023to2024_H3N2_51,A/South Africa/K056863/2023,bc1
plate2-E8_phh_A-South-Africa-KO56863-2023_HA_WSNflank_bc2,flu-seqneut-H3-2023to2024_H3N2_51,A/South Africa/K056863/2023,bc2
plate2-E9_phh_A-South-Africa-KO56863-2023_HA_WSNflank_bc3,flu-seqneut-H3-2023to2024_H3N2_51,A/South Africa/K056863/2023,bc3
plate2-E10_phh_A-Saskatchewan-SKFLU317847-2023_HA_WSNflank_bc1,flu-seqneut-H3-2023to2024_H3N2_52,A/Saskatchewan/SKFLU317847/2023,bc1
plate2-E10_phh_A-Saskatchewan-SKFLU317847-2023_HA_WSNflank_bc1,flu-seqneut-H3-2023to2024_H3N2_52,A/Saskatchewan/SKFLU317847/2023,bc1
plate2-E11_phh_A-Saskatchewan-SKFLU317847-2023_HA_WSNflank_bc2,flu-seqneut-H3-2023to2024_H3N2_52,A/Saskatchewan/SKFLU317847/2023,bc2
plate2-E11_phh_A-Saskatchewan-SKFLU317847-2023_HA_WSNflank_bc2,flu-seqneut-H3-2023to2024_H3N2_52,A/Saskatchewan/SKFLU317847/2023,bc2
plate2-E12_phh_A-Saskatchewan-SKFLU317847-2023_HA_WSNflank_bc3,flu-seqneut-H3-2023to2024_H3N2_52,A/Saskatchewan/SKFLU317847/2023,bc3
plate2-E12_phh_A-Saskatchewan-SKFLU317847-2023_HA_WSNflank_bc3,flu-seqneut-H3-2023to2024_H3N2_52,A/Saskatchewan/SKFLU317847/2023,bc3
plate2-F1_phh_A-Saint-Petersburg-RII-MH144113-2023_HA_WSNflank_bc1,flu-seqneut-H3-2023to2024_H3N2_53,A/Saint-Petersburg/RII-166/2023,bc1
plate2-F1_phh_A-Saint-Petersburg-RII-MH144113-2023_HA_WSNflank_bc1,flu-seqneut-H3-2023to2024_H3N2_53,A/Saint-Petersburg/RII-166/2023,bc1
plate2-F2_phh_A-Saint-Petersburg-RII-MH144113-2023_HA_WSNflank_bc2,flu-seqneut-H3-2023to2024_H3N2_53,A/Saint-Petersburg/RII-166/2023,bc2
plate2-F2_phh_A-Saint-Petersburg-RII-MH144113-2023_HA_WSNflank_bc2,flu-seqneut-H3-2023to2024_H3N2_53,A/Saint-Petersburg/RII-166/2023,bc2
plate2-F3_phh_A-Saint-Petersburg-RII-MH144113-2023_HA_WSNflank_bc3,flu-seqneut-H3-2023to2024_H3N2_53,A/Saint-Petersburg/RII-166/2023,bc3
plate2-F3_phh_A-Saint-Petersburg-RII-MH144113-2023_HA_WSNflank_bc3,flu-seqneut-H3-2023to2024_H3N2_53,A/Saint-Petersburg/RII-166/2023,bc3
plate2-F4_phh_A-Finland-399-2023_HA_WSNflank_bc1,flu-seqneut-H3-2023to2024_H3N2_54,A/Finland/399/2023,bc1
plate2-F5_phh_A-Finland-399-2023_HA_WSNflank_bc2,flu-seqneut-H3-2023to2024_H3N2_54,A/Finland/399/2023,bc2
plate2-F6_phh_A-Finland-399-2023_HA_WSNflank_bc3,flu-seqneut-H3-2023to2024_H3N2_54,A/Finland/399/2023,bc3
plate2-F7_phh_A-SouthSudan-642-2023_HA_WSNflank_bc1,flu-seqneut-H3-2023to2024_H3N2_55,A/SouthSudan/642/2023,bc1
plate2-F7_phh_A-SouthSudan-642-2023_HA_WSNflank_bc1,flu-seqneut-H3-2023to2024_H3N2_55,A/SouthSudan/642/2023,bc1
plate2-F8_phh_A-SouthSudan-642-2023_HA_WSNflank_bc2,flu-seqneut-H3-2023to2024_H3N2_55,A/SouthSudan/642/2023,bc2
plate2-F8_phh_A-SouthSudan-642-2023_HA_WSNflank_bc2,flu-seqneut-H3-2023to2024_H3N2_55,A/SouthSudan/642/2023,bc2
plate2-F9_phh_A-SouthSudan-642-2023_HA_WSNflank_bc3,flu-seqneut-H3-2023to2024_H3N2_55,A/SouthSudan/642/2023,bc3
plate2-F9_phh_A-SouthSudan-642-2023_HA_WSNflank_bc3,flu-seqneut-H3-2023to2024_H3N2_55,A/SouthSudan/642/2023,bc3
plate2-F10_phh_A-SouthSudan-631-2023_HA_WSNflank_bc1,flu-seqneut-H3-2023to2024_H3N2_56,A/SouthSudan/631/2023,bc1
plate2-F10_phh_A-SouthSudan-631-2023_HA_WSNflank_bc1,flu-seqneut-H3-2023to2024_H3N2_56,A/SouthSudan/631/2023,bc1
plate2-F11_phh_A-SouthSudan-631-2023_HA_WSNflank_bc2,flu-seqneut-H3-2023to2024_H3N2_56,A/SouthSudan/631/2023,bc2
plate2-F11_phh_A-SouthSudan-631-2023_HA_WSNflank_bc2,flu-seqneut-H3-2023to2024_H3N2_56,A/SouthSudan/631/2023,bc2
plate2-F12_phh_A-SouthSudan-631-2023_HA_WSNflank_bc3,flu-seqneut-H3-2023to2024_H3N2_56,A/SouthSudan/631/2023,bc3
plate2-F12_phh_A-SouthSudan-631-2023_HA_WSNflank_bc3,flu-seqneut-H3-2023to2024_H3N2_56,A/SouthSudan/631/2023,bc3
plate2-G1_phh_A-Catalonia-2041146NS-2023_HA_WSNflank_bc1,flu-seqneut-H3-2023to2024_H3N2_57,A/Catalonia/2041146NS/2023,bc1
plate2-G1_phh_A-Catalonia-2041146NS-2023_HA_WSNflank_bc1,flu-seqneut-H3-2023to2024_H3N2_57,A/Catalonia/2041146NS/2023,bc1
plate2-G2_phh_A-Catalonia-2041146NS-2023_HA_WSNflank_bc2,flu-seqneut-H3-2023to2024_H3N2_57,A/Catalonia/2041146NS/2023,bc2
plate2-G2_phh_A-Catalonia-2041146NS-2023_HA_WSNflank_bc2,flu-seqneut-H3-2023to2024_H3N2_57,A/Catalonia/2041146NS/2023,bc2
plate2-G3_phh_A-Catalonia-2041146NS-2023_HA_WSNflank_bc3,flu-seqneut-H3-2023to2024_H3N2_57,A/Catalonia/2041146NS/2023,bc3
plate2-G3_phh_A-Catalonia-2041146NS-2023_HA_WSNflank_bc3,flu-seqneut-H3-2023to2024_H3N2_57,A/Catalonia/2041146NS/2023,bc3
plate2-G4_phh_A-Bhutan-0006-2023_HA_WSNflank_bc1,flu-seqneut-H3-2023to2024_H3N2_58,A/Bhutan/0006/2023,bc1
plate2-G4_phh_A-Bhutan-0006-2023_HA_WSNflank_bc1,flu-seqneut-H3-2023to2024_H3N2_58,A/Bhutan/0006/2023,bc1
plate2-G5_phh_A-Bhutan-0006-2023_HA_WSNflank_bc2,flu-seqneut-H3-2023to2024_H3N2_58,A/Bhutan/0006/2023,bc2
plate2-G5_phh_A-Bhutan-0006-2023_HA_WSNflank_bc2,flu-seqneut-H3-2023to2024_H3N2_58,A/Bhutan/0006/2023,bc2
plate2-G6_phh_A-Bhutan-0006-2023_HA_WSNflank_bc3,flu-seqneut-H3-2023to2024_H3N2_58,A/Bhutan/0006/2023,bc3
plate2-G6_phh_A-Bhutan-0006-2023_HA_WSNflank_bc3,flu-seqneut-H3-2023to2024_H3N2_58,A/Bhutan/0006/2023,bc3
plate2-G7_phh_A-Bhutan-FLU-BTG-00988-2022_HA_WSNflank_bc1,flu-seqneut-H3-2023to2024_H3N2_59,A/Bhutan/FLU-BTG-00988/2022,bc1
plate2-G7_phh_A-Bhutan-FLU-BTG-00988-2022_HA_WSNflank_bc1,flu-seqneut-H3-2023to2024_H3N2_59,A/Bhutan/FLU-BTG-00988/2022,bc1
plate2-G8_phh_A-Bhutan-FLU-BTG-00988-2022_HA_WSNflank_bc2,flu-seqneut-H3-2023to2024_H3N2_59,A/Bhutan/FLU-BTG-00988/2022,bc2
plate2-G8_phh_A-Bhutan-FLU-BTG-00988-2022_HA_WSNflank_bc2,flu-seqneut-H3-2023to2024_H3N2_59,A/Bhutan/FLU-BTG-00988/2022,bc2
plate2-G9_phh_A-Bhutan-FLU-BTG-00988-2022_HA_WSNflank_bc3,flu-seqneut-H3-2023to2024_H3N2_59,A/Bhutan/FLU-BTG-00988/2022,bc3
plate2-G9_phh_A-Bhutan-FLU-BTG-00988-2022_HA_WSNflank_bc3,flu-seqneut-H3-2023to2024_H3N2_59,A/Bhutan/FLU-BTG-00988/2022,bc3
plate2-G10_phh_A-Finland-391-2023_HA_WSNflank_bc1,flu-seqneut-H3-2023to2024_H3N2_60,A/Finland/391/2023,bc1
plate2-G11_phh_A-Finland-391-2023_HA_WSNflank_bc2,flu-seqneut-H3-2023to2024_H3N2_60,A/Finland/391/2023,bc2
plate2-G12_phh_A-Finland-391-2023_HA_WSNflank_bc3,flu-seqneut-H3-2023to2024_H3N2_60,A/Finland/391/2023,bc3
plate2-H1_phh_A-KANAGAWA-IC2239-2023_HA_WSNflank_bc1,flu-seqneut-H3-2023to2024_H3N2_61,A/KANAGAWA/IC2239/2023,bc1
plate2-H1_phh_A-KANAGAWA-IC2239-2023_HA_WSNflank_bc1,flu-seqneut-H3-2023to2024_H3N2_61,A/KANAGAWA/IC2239/2023,bc1
plate2-H2_phh_A-KANAGAWA-IC2239-2023_HA_WSNflank_bc2,flu-seqneut-H3-2023to2024_H3N2_61,A/KANAGAWA/IC2239/2023,bc2
plate2-H2_phh_A-KANAGAWA-IC2239-2023_HA_WSNflank_bc2,flu-seqneut-H3-2023to2024_H3N2_61,A/KANAGAWA/IC2239/2023,bc2
plate2-H3_phh_A-KANAGAWA-IC2239-2023_HA_WSNflank_bc3,flu-seqneut-H3-2023to2024_H3N2_61,A/KANAGAWA/IC2239/2023,bc3
plate2-H3_phh_A-KANAGAWA-IC2239-2023_HA_WSNflank_bc3,flu-seqneut-H3-2023to2024_H3N2_61,A/KANAGAWA/IC2239/2023,bc3
plate2-H4_phh_A-South-Africa-R06359-2023_HA_WSNflank_bc1,flu-seqneut-H3-2023to2024_H3N2_62,A/South Africa/R06359/2023,bc1
plate2-H5_phh_A-South-Africa-R06359-2023_HA_WSNflank_bc2,flu-seqneut-H3-2023to2024_H3N2_62,A/South Africa/R06359/2023,bc2
plate2-H6_phh_A-South-Africa-R06359-2023_HA_WSNflank_bc3,flu-seqneut-H3-2023to2024_H3N2_62,A/South Africa/R06359/2023,bc3
plate2-H7_phh_A-Brisbane-429-2023_HA_WSNflank_bc1,flu-seqneut-H3-2023to2024_H3N2_63,A/Brisbane/429/2023,bc1
plate2-H8_phh_A-Brisbane-429-2023_HA_WSNflank_bc2,flu-seqneut-H3-2023to2024_H3N2_63,A/Brisbane/429/2023,bc2
plate2-H9_phh_A-Brisbane-429-2023_HA_WSNflank_bc3,flu-seqneut-H3-2023to2024_H3N2_63,A/Brisbane/429/2023,bc3
plate2-H10_phh_A-KANAGAWA-AC2316-2023_HA_WSNflank_bc1,flu-seqneut-H3-2023to2024_H3N2_64,A/KANAGAWA/AC2316/2023,bc1
plate2-H10_phh_A-KANAGAWA-AC2316-2023_HA_WSNflank_bc1,flu-seqneut-H3-2023to2024_H3N2_64,A/KANAGAWA/AC2316/2023,bc1
plate2-H11_phh_A-KANAGAWA-AC2316-2023_HA_WSNflank_bc2,flu-seqneut-H3-2023to2024_H3N2_64,A/KANAGAWA/AC2316/2023,bc2
plate2-H11_phh_A-KANAGAWA-AC2316-2023_HA_WSNflank_bc2,flu-seqneut-H3-2023to2024_H3N2_64,A/KANAGAWA/AC2316/2023,bc2
plate2-H12_phh_A-KANAGAWA-AC2316-2023_HA_WSNflank_bc3,flu-seqneut-H3-2023to2024_H3N2_64,A/KANAGAWA/AC2316/2023,bc3
plate2-H12_phh_A-KANAGAWA-AC2316-2023_HA_WSNflank_bc3,flu-seqneut-H3-2023to2024_H3N2_64,A/KANAGAWA/AC2316/2023,bc3
plate3-A1_phh_A-Busan-1301-2023_HA_WSNflank_bc1,flu-seqneut-H3-2023to2024_H3N2_65,A/Busan/1301/2023,bc1
plate3-A2_phh_A-Busan-1301-2023_HA_WSNflank_bc2,flu-seqneut-H3-2023to2024_H3N2_65,A/Busan/1301/2023,bc2
plate3-A3_phh_A-Busan-1301-2023_HA_WSNflank_bc3,flu-seqneut-H3-2023to2024_H3N2_65,A/Busan/1301/2023,bc3
plate3-A4_phh_A-TECPAN-017FLU-2023_HA_WSNflank_bc1,flu-seqneut-H3-2023to2024_H3N2_66,A/TECPAN/017FLU/2023,bc1
plate3-A4_phh_A-TECPAN-017FLU-2023_HA_WSNflank_bc1,flu-seqneut-H3-2023to2024_H3N2_66,A/TECPAN/017FLU/2023,bc1
plate3-A5_phh_A-TECPAN-017FLU-2023_HA_WSNflank_bc2,flu-seqneut-H3-2023to2024_H3N2_66,A/TECPAN/017FLU/2023,bc2
plate3-A5_phh_A-TECPAN-017FLU-2023_HA_WSNflank_bc2,flu-seqneut-H3-2023to2024_H3N2_66,A/TECPAN/017FLU/2023,bc2
plate3-A6_phh_A-TECPAN-017FLU-2023_HA_WSNflank_bc3,flu-seqneut-H3-2023to2024_H3N2_66,A/TECPAN/017FLU/2023,bc3
plate3-A6_phh_A-TECPAN-017FLU-2023_HA_WSNflank_bc3,flu-seqneut-H3-2023to2024_H3N2_66,A/TECPAN/017FLU/2023,bc3
plate3-A7_phh_A-EHIME-50-2023_HA_WSNflank_bc1,flu-seqneut-H3-2023to2024_H3N2_67,A/EHIME/50/2023,bc1
plate3-A7_phh_A-EHIME-50-2023_HA_WSNflank_bc1,flu-seqneut-H3-2023to2024_H3N2_67,A/EHIME/50/2023,bc1
plate3-A8_phh_A-EHIME-50-2023_HA_WSNflank_bc2,flu-seqneut-H3-2023to2024_H3N2_67,A/EHIME/50/2023,bc2
plate3-A8_phh_A-EHIME-50-2023_HA_WSNflank_bc2,flu-seqneut-H3-2023to2024_H3N2_67,A/EHIME/50/2023,bc2
plate3-A9_phh_A-EHIME-50-2023_HA_WSNflank_bc3,flu-seqneut-H3-2023to2024_H3N2_67,A/EHIME/50/2023,bc3
plate3-A9_phh_A-EHIME-50-2023_HA_WSNflank_bc3,flu-seqneut-H3-2023to2024_H3N2_67,A/EHIME/50/2023,bc3
plate3-A10_phh_A-Romania-543634-2022_HA_WSNflank_bc1,flu-seqneut-H3-2023to2024_H3N2_68,A/Romania/543634/2022,bc1
plate3-A11_phh_A-Romania-543634-2022_HA_WSNflank_bc2,flu-seqneut-H3-2023to2024_H3N2_68,A/Romania/543634/2022,bc2
plate3-A12_phh_A-Romania-543634-2022_HA_WSNflank_bc3,flu-seqneut-H3-2023to2024_H3N2_68,A/Romania/543634/2022,bc3
plate3-B1_phh_A-YAMAGATA-98-2023_HA_WSNflank_bc1,flu-seqneut-H3-2023to2024_H3N2_69,A/YAMAGATA/98/2023,bc1
plate3-B1_phh_A-YAMAGATA-98-2023_HA_WSNflank_bc1,flu-seqneut-H3-2023to2024_H3N2_69,A/YAMAGATA/98/2023,bc1
plate3-B2_phh_A-YAMAGATA-98-2023_HA_WSNflank_bc2,flu-seqneut-H3-2023to2024_H3N2_69,A/YAMAGATA/98/2023,bc2
plate3-B2_phh_A-YAMAGATA-98-2023_HA_WSNflank_bc2,flu-seqneut-H3-2023to2024_H3N2_69,A/YAMAGATA/98/2023,bc2
plate3-B3_phh_A-YAMAGATA-98-2023_HA_WSNflank_bc3,flu-seqneut-H3-2023to2024_H3N2_69,A/YAMAGATA/98/2023,bc3
plate3-B3_phh_A-YAMAGATA-98-2023_HA_WSNflank_bc3,flu-seqneut-H3-2023to2024_H3N2_69,A/YAMAGATA/98/2023,bc3
plate3-B4_phh_A-Schleswig-Holstein-4-2023_HA_WSNflank_bc1,flu-seqneut-H3-2023to2024_H3N2_70,A/Schleswig-Holstein/4/2023,bc1
plate3-B5_phh_A-Schleswig-Holstein-4-2023_HA_WSNflank_bc2,flu-seqneut-H3-2023to2024_H3N2_70,A/Schleswig-Holstein/4/2023,bc2
plate3-B6_phh_A-Schleswig-Holstein-4-2023_HA_WSNflank_bc3,flu-seqneut-H3-2023to2024_H3N2_70,A/Schleswig-Holstein/4/2023,bc3
plate3-B7_phh_A-SENDAI-45-2023_HA_WSNflank_bc1,flu-seqneut-H3-2023to2024_H3N2_71,A/SENDAI/45/2023,bc1
plate3-B7_phh_A-SENDAI-45-2023_HA_WSNflank_bc1,flu-seqneut-H3-2023to2024_H3N2_71,A/SENDAI/45/2023,bc1
plate3-B8_phh_A-SENDAI-45-2023_HA_WSNflank_bc2,flu-seqneut-H3-2023to2024_H3N2_71,A/SENDAI/45/2023,bc2
plate3-B8_phh_A-SENDAI-45-2023_HA_WSNflank_bc2,flu-seqneut-H3-2023to2024_H3N2_71,A/SENDAI/45/2023,bc2
plate3-B9_phh_A-SENDAI-45-2023_HA_WSNflank_bc3,flu-seqneut-H3-2023to2024_H3N2_71,A/SENDAI/45/2023,bc3
plate3-B9_phh_A-SENDAI-45-2023_HA_WSNflank_bc3,flu-seqneut-H3-2023to2024_H3N2_71,A/SENDAI/45/2023,bc3
plate3-B10_phh_A-South-Africa-R06506-2023_HA_WSNflank_bc1,flu-seqneut-H3-2023to2024_H3N2_72,A/South Africa/R06506/2023,bc1
plate3-B11_phh_A-South-Africa-R06506-2023_HA_WSNflank_bc2,flu-seqneut-H3-2023to2024_H3N2_72,A/South Africa/R06506/2023,bc2
plate3-B12_phh_A-South-Africa-R06506-2023_HA_WSNflank_bc3,flu-seqneut-H3-2023to2024_H3N2_72,A/South Africa/R06506/2023,bc3
plate3-C1_phh_A-South-Africa-R05384-2023_HA_WSNflank_bc1,flu-seqneut-H3-2023to2024_H3N2_73,A/South Africa/R05384/2023,bc1
plate3-C2_phh_A-South-Africa-R05384-2023_HA_WSNflank_bc2,flu-seqneut-H3-2023to2024_H3N2_73,A/South Africa/R05384/2023,bc2
plate3-C3_phh_A-South-Africa-R05384-2023_HA_WSNflank_bc3,flu-seqneut-H3-2023to2024_H3N2_73,A/South Africa/R05384/2023,bc3
plate3-C4_phh_A-South-Africa-R07073-2023_HA_WSNflank_bc1,flu-seqneut-H3-2023to2024_H3N2_74,A/South Africa/R07073/2023,bc1
plate3-C5_phh_A-South-Africa-R07073-2023_HA_WSNflank_bc2,flu-seqneut-H3-2023to2024_H3N2_74,A/South Africa/R07073/2023,bc2
plate3-C6_phh_A-South-Africa-R07073-2023_HA_WSNflank_bc3,flu-seqneut-H3-2023to2024_H3N2_74,A/South Africa/R07073/2023,bc3
plate3-C7_phh_A-Luga-RII-11393S-2023_HA_WSNflank_bc1,flu-seqneut-H3-2023to2024_H3N2_75,A/Luga/RII-11393S/2023,bc1
plate3-C7_phh_A-Luga-RII-11393S-2023_HA_WSNflank_bc1,flu-seqneut-H3-2023to2024_H3N2_75,A/Luga/RII-11393S/2023,bc1
plate3-C8_phh_A-Luga-RII-11393S-2023_HA_WSNflank_bc2,flu-seqneut-H3-2023to2024_H3N2_75,A/Luga/RII-11393S/2023,bc2
plate3-C8_phh_A-Luga-RII-11393S-2023_HA_WSNflank_bc2,flu-seqneut-H3-2023to2024_H3N2_75,A/Luga/RII-11393S/2023,bc2
plate3-C9_phh_A-Luga-RII-11393S-2023_HA_WSNflank_bc3,flu-seqneut-H3-2023to2024_H3N2_75,A/Luga/RII-11393S/2023,bc3
plate3-C9_phh_A-Luga-RII-11393S-2023_HA_WSNflank_bc3,flu-seqneut-H3-2023to2024_H3N2_75,A/Luga/RII-11393S/2023,bc3
plate3-C10_phh_A-Surat-Thani-P152-2023_HA_WSNflank_bc1,flu-seqneut-H3-2023to2024_H3N2_76,A/Surat Thani/P152/2023,bc1
plate3-C10_phh_A-Surat-Thani-P152-2023_HA_WSNflank_bc1,flu-seqneut-H3-2023to2024_H3N2_76,A/Surat Thani/P152/2023,bc1
plate3-C11_phh_A-Surat-Thani-P152-2023_HA_WSNflank_bc2,flu-seqneut-H3-2023to2024_H3N2_76,A/Surat Thani/P152/2023,bc2
plate3-C11_phh_A-Surat-Thani-P152-2023_HA_WSNflank_bc2,flu-seqneut-H3-2023to2024_H3N2_76,A/Surat Thani/P152/2023,bc2
plate3-C12_phh_A-Surat-Thani-P152-2023_HA_WSNflank_bc3,flu-seqneut-H3-2023to2024_H3N2_76,A/Surat Thani/P152/2023,bc3
plate3-C12_phh_A-Surat-Thani-P152-2023_HA_WSNflank_bc3,flu-seqneut-H3-2023to2024_H3N2_76,A/Surat Thani/P152/2023,bc3
plate3-D1_phh_A-Jeju-1047-2023_HA_WSNflank_bc1,flu-seqneut-H3-2023to2024_H3N2_77,A/Jeju/1047/2023,bc1
plate3-D2_phh_A-Jeju-1047-2023_HA_WSNflank_bc2,flu-seqneut-H3-2023to2024_H3N2_77,A/Jeju/1047/2023,bc2
plate3-D3_phh_A-Jeju-1047-2023_HA_WSNflank_bc3,flu-seqneut-H3-2023to2024_H3N2_77,A/Jeju/1047/2023,bc3
plate3-D4_phh_A-South-Dakota-22-2023_HA_WSNflank_bc1,flu-seqneut-H3-2023to2024_H3N2_78,A/South Dakota/22/2023,bc1
plate3-D4_phh_A-South-Dakota-22-2023_HA_WSNflank_bc1,flu-seqneut-H3-2023to2024_H3N2_78,A/South Dakota/22/2023,bc1
plate3-D5_phh_A-South-Dakota-22-2023_HA_WSNflank_bc2,flu-seqneut-H3-2023to2024_H3N2_78,A/South Dakota/22/2023,bc2
plate3-D5_phh_A-South-Dakota-22-2023_HA_WSNflank_bc2,flu-seqneut-H3-2023to2024_H3N2_78,A/South Dakota/22/2023,bc2
plate3-D6_phh_A-South-Dakota-22-2023_HA_WSNflank_bc3,flu-seqneut-H3-2023to2024_H3N2_78,A/South Dakota/22/2023,bc3
plate3-D6_phh_A-South-Dakota-22-2023_HA_WSNflank_bc3,flu-seqneut-H3-2023to2024_H3N2_78,A/South Dakota/22/2023,bc3
plate3-D7_phh_A-Thailand-8-2022_HA_WSNflank_bc1,flu-seqneut-H3-2023to2024_H3N2_79,A/Thailand/8/2022,bc1
plate3-D8_phh_A-Thailand-8-2022_HA_WSNflank_bc2,flu-seqneut-H3-2023to2024_H3N2_79,A/Thailand/8/2022,bc2
plate3-D9_phh_A-Thailand-8-2022_HA_WSNflank_bc3,flu-seqneut-H3-2023to2024_H3N2_79,A/Thailand/8/2022,bc3
